region,axonal_bifurcation_remote_angle_mean_zscore,axonal_length_mean_zscore,axonal_branches_mean_zscore,axonal_max_branch_order_mean_zscore,dendritic_bifurcation_remote_angle_mean_zscore,dendritic_length_mean_zscore,dendritic_branches_mean_zscore,dendritic_max_branch_order_mean_zscore
AAA,0.9911014299416447,0.11607241736078788,0.6174288256233584,2.9582206516232596,1.3310521373968838,-0.6064232346316951,-0.23162356947705393,0.13564574443302513
ACAd,0.7047196714992477,1.696430634574418,0.30920333155040935,0.42804037879875934,-0.198922440306597,0.8812425729000868,0.1567991141175365,0.6954945076055669
ACAv,0.6751929042538396,1.2114878144702956,0.26495522892949475,0.5557381751985143,-0.2012844804527934,0.9149347779939535,0.30708721872003514,0.7254155954810751
ACB,1.0023933951839588,-0.12331681559919123,0.3686003116377171,0.9240733054927034,0.27010507855260535,-0.4482709890197332,-0.11930549008461064,-0.3982664454456524
ACVII,-1.2810715189058517,-0.8993321731085331,-0.6898493374056823,-1.040649216537834,,,,
AD,0.7621475751056724,1.7399696963282267,2.1432940840939434,1.236485013942789,0.34600596315137866,0.8621367940162938,0.5504430574036622,-0.42148001891863834
ADP,0.8856581810660566,0.41483203565562515,0.6073965847028285,1.56972416962288,0.0400369189880634,-0.8339162380699265,-0.9071960173782683,-0.7557554769296364
AHN,0.9230643217848544,0.349174959987812,0.8010047178073462,1.61090494333294,0.31188644130333193,-0.7403098111928982,-0.8485225773278315,-0.6314313533836741
AId,0.6629770076870426,2.141930476881666,0.29559049909032215,0.364074681560252,-0.5430021436364775,0.9515893988725808,0.39724291846224524,0.6714256930968854
AIp,0.6277093248244336,2.7816842896033367,0.12253066390522155,0.22565957504651243,-0.5284536589631764,-0.6282037364281718,0.14776194313742108,-0.2729131486915281
AIv,0.5992753546134629,2.2514131073958388,0.41592499876638167,0.3646851413528671,-0.6401298949559572,1.1294700204394135,0.4525314685063901,0.6790877171058757
AM,0.544017250732512,0.6003681618471616,0.34843936594165237,0.8060511045226711,-0.6138570719499082,0.800922870242042,0.5088437687397943,-0.21255785766176452
AMB,-1.2810715189058517,-0.8993321731085331,-0.6898493374056823,-1.040649216537834,,,,
AN,0.8193250421180166,-0.7636365960568466,-0.47196964356750887,-0.14584037258203367,-0.5613344141188674,-0.18982779763429147,3.7175355676794695,2.7355659734074544
AOB,-1.2810715189058517,-0.8993321731085331,-0.6898493374056823,-1.040649216537834,,,,
AON,0.843885015232155,-0.09733755158323093,-0.263864953703185,0.2822092499498005,0.6848474025217569,0.13742348748468497,-0.08640423450500594,0.42264992555357894
AP,-1.2810715189058517,-0.8993321731085331,-0.6898493374056823,-1.040649216537834,,,,
APN,-1.2810715189058517,-0.8993321731085331,-0.6898493374056823,-1.040649216537834,,,,
APr,-1.2810715189058517,-0.8993321731085331,-0.6898493374056823,-1.040649216537834,,,,
AQ,-1.2810715189058517,-0.8993321731085331,-0.6898493374056823,-1.040649216537834,,,,
ARH,0.8552882708939635,0.06263644472990491,-0.19504344546189822,0.5630038507603438,1.419671977438644,-1.704114114728805,-1.194589855318076,-1.1898705977308712
ASO,1.0047795781396576,0.3059149884202737,0.7787163911918764,1.2781399084028002,-0.3019029491207921,-0.696078831824978,-0.8639327571678457,-0.70004290059447
AT,-1.2810715189058517,-0.8993321731085331,-0.6898493374056823,-1.040649216537834,,,,
AUDd,0.6926138299022025,0.6654566099002279,-0.10317760767692091,0.19356987857361468,-0.32293372573003687,-0.17763604486435974,0.15663645805237955,-0.029428555819319666
AUDp,0.7486435856341824,0.7876854433899322,0.07838880385489028,0.41264376795589697,0.08265986402085337,0.8021602196715307,0.5615362010473604,0.816577232973947
AUDpo,-1.2810715189058517,-0.8993321731085331,-0.6898493374056823,-1.040649216537834,,,,
AUDv,0.7873816249121341,0.9940189654006794,0.15175645586162212,0.5065325776911607,-0.4355344102249269,0.40680635393110115,0.15822119285862224,0.4009437269814364
AV,0.6533467740921826,0.2820149620306499,0.20263424910145203,0.3226018748807208,0.022725978013003637,0.09007770328901157,-0.022870775454735082,-0.48901041447641563
AVP,0.9711166781106082,0.9960786475073433,1.7731209307872509,2.2396028805308186,0.1434412601499593,-0.38801219049102953,-0.7426014985648978,-0.4485625213037886
AVPV,0.9191050716811127,0.4022896289574796,0.6315768576907722,1.2788010972037527,1.2570250382167407,-0.9021705876797168,-0.9003816577114251,-0.5806588084476849
Acs5,-1.2810715189058517,-0.8993321731085331,-0.6898493374056823,-1.040649216537834,,,,
B,-1.2810715189058517,-0.8993321731085331,-0.6898493374056823,-1.040649216537834,,,,
BA,-1.2810715189058517,-0.8993321731085331,-0.6898493374056823,-1.040649216537834,,,,
BAC,-1.2810715189058517,-0.8993321731085331,-0.6898493374056823,-1.040649216537834,,,,
BLA,1.3519080909167414,-0.6261786679085215,-0.5625170487989576,-0.2075513273376061,-0.6170298547095213,-1.0125214255009851,-0.5976973097190912,-0.6071886067025262
BMA,0.7284923627294085,0.5464240660611678,0.12649211288409745,0.9587857175427129,-0.03659987840591684,-0.24298939173199663,-0.32036871862663874,-0.2357714311347505
BST,0.9029259200553843,-0.13394631697263487,0.08348209539915923,0.532980129729263,0.7573426899818503,-0.7778446117450798,-0.6265394831927064,-0.5452857441078969
CA1,0.5817690083864905,0.8039295663094207,0.19271718890331627,0.3370558029810015,-1.026685378226064,0.8663836222972543,0.43915805463540786,1.474079351210129
CA2,0.487093975079735,2.220284570125452,0.6671373921371374,0.41299979269487136,-2.3818063238476306,1.3094565309434985,0.3029943854805255,0.027814951526251658
CA3,0.4146452534698683,3.489386081742467,0.6216201197648312,0.5563586825547531,-3.01797124079938,1.7029030036863075,0.3213325042873272,-0.09899685568268625
CB,-1.2810715189058517,-0.8993321731085331,-0.6898493374056823,-1.040649216537834,,,,
CEA,0.8867728701714866,-0.47948193760864055,-0.2187198695608008,0.6255465618626218,1.5668177711967408,-0.5193688800279217,-0.5976973097190912,-0.6071886067025262
CENT,0.9649288416169104,-0.7548202816341497,-0.45980233598953296,-0.18533538362559998,0.1126040913008697,-0.9223348292548222,2.1378719128168604,3.069841431418453
CL,0.7406134951571802,0.9696305992965005,0.2512520320240196,0.26706201560070564,-0.17045302282774907,-0.005441474132109547,-0.03497238670240585,-0.4721278155869713
CLA,0.9111421467930395,0.3403688619467659,-0.08482803881372968,0.3958135075680135,0.06519937040363666,-0.5819113659153028,-0.34643760618932923,-0.44005087769702705
CLI,-1.2810715189058517,-0.8993321731085331,-0.6898493374056823,-1.040649216537834,,,,
CM,0.7111097196062106,1.9496062344148577,0.9230263182794978,0.681086421142637,-0.7627793727085074,2.251886476284632,1.6653039935953213,-0.05006284335086268
COAa,-1.2810715189058517,-0.8993321731085331,-0.6898493374056823,-1.040649216537834,,,,
COAp,0.59520170336567,1.2662201783379372,-0.0956319905743002,0.23676754690251545,-2.975828950668089,0.7257959805405884,0.5005239110070208,-0.42148001891863834
COPY,0.6132671070546669,-0.7333974961740507,-0.4804584628079572,-0.31863104589763647,0.2855405334777819,-0.9631046602646677,1.2881371097095862,2.178440210055791
CP,0.9869284893071557,-0.2219418289775917,-0.12882160933009223,0.46981715250885364,0.34719605765004136,-0.7784124719754937,-0.44917969246581557,-0.519068061126642
CS,0.6713881860800736,-0.07126673243746318,-0.45640680829335367,-0.37417090517765167,0.23733336043725603,-0.4576897338028002,-0.5311384478569027,-0.6071886067025262
CTXsp,1.1092371094227012,-0.32713679637921184,0.09536644233578691,0.3478472654625458,0.06130420886354891,-1.0882930755280507,-0.564417878787997,-0.6071886067025262
CU,-1.2810715189058517,-0.8993321731085331,-0.6898493374056823,-1.040649216537834,,,,
CUL,0.5736921329828806,-0.7533515875041692,-0.4585290131034657,0.09791789870247747,0.240748791479768,-0.6756086131489597,2.5971280596659616,3.1069831489752304
CUN,-1.2810715189058517,-0.8993321731085331,-0.6898493374056823,-1.040649216537834,,,,
DCO,-1.2810715189058517,-0.8993321731085331,-0.6898493374056823,-1.040649216537834,,,,
DEC,0.8057425538921369,-0.7699878967135226,-0.520072952596716,-0.04093174949756051,0.7636339376825123,0.2710279432839156,5.126364810429128,2.364148797839679
DG,0.9581337840472985,-0.6796809161413474,-0.5755493308493015,-0.444451201043832,-3.5456267446006113,-1.022781969232469,-0.7830208215002802,-0.6591451319669401
DMH,0.9391362300246644,0.21656644832224337,0.34261179153308463,1.111631410281315,1.572521635465888,-1.2114320748488765,-1.0080083422963637,-0.8246035387421997
DMX,-1.2810715189058517,-0.8993321731085331,-0.6898493374056823,-1.040649216537834,,,,
DN,-1.2810715189058517,-0.8993321731085331,-0.6898493374056823,-1.040649216537834,,,,
DP,0.800025124265795,0.7626957301444492,0.05575195254702806,0.38487383831588934,,,,
DR,1.2462142297610592,-0.6648610446272973,-0.6686272893045616,-0.762949920137758,-1.0056204288786552,-0.47309927460779005,-0.9304916190300343,-0.9786057822703018
DT,-1.2810715189058517,-0.8993321731085331,-0.6898493374056823,-1.040649216537834,,,,
DTN,-1.2810715189058517,-0.8993321731085331,-0.6898493374056823,-1.040649216537834,,,,
ECT,0.816783531392049,1.6198850485843561,-0.029540469345095407,0.3478472654625458,-0.3401616866898834,-0.38607853355565913,-0.09375164133394884,-0.18271183462506813
ECU,-1.2810715189058517,-0.8993321731085331,-0.6898493374056823,-1.040649216537834,,,,
ENTl,0.7224330196681783,1.0368356995691577,0.33861827368152253,0.5157010623977029,-0.4788442262058094,2.4707338068718787,0.9311988995270646,1.6322384812796504
ENTm,0.7890388614790632,0.10023497217614816,-0.027182464000526485,0.24029388717426242,0.7590820124902149,-0.083713294420154,-0.3849106452808822,-0.08945557409289963
EPd,1.0887641556836674,-0.46126968014708714,-0.07547104487823546,1.3059098380428078,0.13351397764970271,-0.6379264952967263,-0.3730611509342047,-0.4679071658646103
EPv,-1.2810715189058517,-0.8993321731085331,-0.6898493374056823,-1.040649216537834,,,,
EW,-1.2810715189058517,-0.8993321731085331,-0.6898493374056823,-1.040649216537834,,,,
Eth,-1.2810715189058517,-0.8993321731085331,-0.6898493374056823,-1.040649216537834,,,,
FC,-1.2810715189058517,-0.8993321731085331,-0.6898493374056823,-1.040649216537834,,,,
FL,0.8419785047686685,-0.6826347608145193,-0.4500401938630174,-0.2075513273376061,0.08531441908803526,-0.955098790522337,1.6320245626642271,2.085585916163847
FN,0.868349518030887,0.2961964610049562,-0.0022549789293687264,0.18122768762250024,1.564546908317551,0.9505516524530707,-0.1650647076148653,-0.42148001891863834
FOTU,0.9984071322052033,-0.7883050184775162,-0.5115841333562677,-0.485250623737682,0.182194390547142,-0.16325007116281426,2.963201799907999,3.292691736759118
FRP,0.6796495640522753,1.915927724380869,0.352178488702326,0.45760460642067097,-0.42925181474406143,0.9030249646956028,0.3366479253614807,1.1429741448365378
FS,0.6336658357076427,3.09943453916101,0.2566540079043049,0.4589269840225762,-1.969093441500404,-0.3292694713249301,0.16772960169607773,0.13564574443302513
GPe,0.8932139108482551,0.6664628490083796,0.7709349735547989,0.5792633457959425,1.1388628697185987,-0.06607585915954545,0.02351873432800233,-0.20481999983743598
GPi,0.8904609719142034,5.021554995377869,3.9206406125628095,0.8477059989826825,1.4068956938773334,-0.5779427535866496,-0.4479398705291669,-0.37505287197266635
GR,-1.2810715189058517,-0.8993321731085331,-0.6898493374056823,-1.040649216537834,,,,
GRN,-1.2810715189058517,-0.8993321731085331,-0.6898493374056823,-1.040649216537834,,,,
GU,0.8047028730464435,0.8730449305362377,0.03934023534882807,0.5477907588706006,-0.3612597939756984,0.04751558169416395,0.05563046592818101,0.1258716082338732
HATA,0.7379877233010907,0.5857500581837539,0.09094879150657405,0.4396580532519587,0.661282466345311,-0.4641759515781204,-0.457694186491729,0.3853917762803226
HPF,0.720650684118674,0.7822506453803371,0.4175454285749355,0.5848173317239439,-0.05264984818980032,0.9068228017111496,0.30084732542045495,1.1832326498805974
HY,0.912218681757703,0.5596685393314142,0.9006410601515873,1.549415137168679,0.44544724667031715,-0.8044093322968584,-0.8812170149715839,-0.6657638845885114
I5,-1.2810715189058517,-0.8993321731085331,-0.6898493374056823,-1.040649216537834,,,,
IA,-1.2810715189058517,-0.8993321731085331,-0.6898493374056823,-1.040649216537834,,,,
IAD,0.7416016316579299,0.3403783956579845,0.03170029803242454,0.4589269840225762,-0.7905096417175085,0.05245220906639827,0.21764874809271917,-0.3286257250266944
IAM,-1.2810715189058517,-0.8993321731085331,-0.6898493374056823,-1.040649216537834,,,,
IC,0.6452596296125085,0.16353980501120208,1.1267579800502574,0.12568782834248507,1.4777287912666701,-0.2425863522653952,-0.8639327571678457,-0.9786057822703018
ICB,-1.2810715189058517,-0.8993321731085331,-0.6898493374056823,-1.040649216537834,,,,
IF,-1.2810715189058517,-0.8993321731085331,-0.6898493374056823,-1.040649216537834,,,,
IG,0.47383041448368274,-0.11968031053514422,-0.4097183024708879,-0.2075513273376061,-0.7363208253156232,-1.3346740136286526,-0.78073417984011,-0.8857514883783578
IGL,0.6357124392962896,-0.20446002905240765,-0.08431356492036916,0.532980129729263,-1.238378142777635,-0.13077948959692165,0.1751250307918764,-0.33894286879246593
III,-1.2810715189058517,-0.8993321731085331,-0.6898493374056823,-1.040649216537834,,,,
ILA,0.7114862560448425,1.8282698596529872,0.31292666448211554,0.6126469816427473,0.4111150323358303,0.7887578455735078,-0.0745010103269694,0.5588177723340154
IMD,-1.2810715189058517,-0.8993321731085331,-0.6898493374056823,-1.040649216537834,,,,
IO,-1.2810715189058517,-0.8993321731085331,-0.6898493374056823,-1.040649216537834,,,,
IP,-1.2810715189058517,-0.8993321731085331,-0.6898493374056823,-1.040649216537834,,,,
IPN,-1.2810715189058517,-0.8993321731085331,-0.6898493374056823,-1.040649216537834,,,,
IRN,0.8473768645772694,1.2826858248400617,2.632108592023092,1.162431868236102,-0.18992052729422468,1.0010708137992597,-0.2094372821896578,-0.5143343128105823
ISN,-1.2810715189058517,-0.8993321731085331,-0.6898493374056823,-1.040649216537834,,,,
IV,-1.2810715189058517,-0.8993321731085331,-0.6898493374056823,-1.040649216537834,,,,
IntG,-1.2810715189058517,-0.8993321731085331,-0.6898493374056823,-1.040649216537834,,,,
LA,-1.2810715189058517,-0.8993321731085331,-0.6898493374056823,-1.040649216537834,,,,
LAV,-1.2810715189058517,-0.8993321731085331,-0.6898493374056823,-1.040649216537834,,,,
LC,-1.2810715189058517,-0.8993321731085331,-0.6898493374056823,-1.040649216537834,,,,
LD,0.6271023692805756,0.8128728103922463,0.841675133891868,0.9155880492138122,-0.2391724558382111,1.5013420609817363,0.5763270592389578,-0.19450285607166448
LDT,-1.2810715189058517,-0.8993321731085331,-0.6898493374056823,-1.040649216537834,,,,
LGd,0.6206306943529503,0.026133364844039053,-0.043337660725123336,0.39185998413727485,-0.8276990554996522,0.051660633902337216,0.4465233249678866,-0.13065336257783297
LGv,0.7534387116901621,0.1593520999011348,0.17742502832678736,1.0606087928894075,-0.381137670037825,-0.211309147430639,0.19546246080532306,-0.2976742937293797
LH,-1.2810715189058517,-0.8993321731085331,-0.6898493374056823,-1.040649216537834,,,,
LHA,0.93332660364503,0.71488664977737,1.0024774945144843,1.5802268994226263,0.4792263180114257,-0.6268389669118521,-0.7955108316640701,-0.5497025235465917
LIN,-1.2810715189058517,-0.8993321731085331,-0.6898493374056823,-1.040649216537834,,,,
LING,-1.2810715189058517,-0.8993321731085331,-0.6898493374056823,-1.040649216537834,,,,
LM,0.8570418611460868,0.17796919496217264,0.3233027103191762,0.8507081535383592,2.0215671277995377,-1.102377728939523,-0.9439832802183157,-0.6423226638508293
LP,0.5895440193638279,0.4701135620258814,0.41405086465428403,0.755139566849324,-0.5068382123719966,0.8336941746950537,0.43396504914483214,-0.2357714311347505
LPO,0.9433859253190902,0.911348099194901,1.5208817304996436,1.9012929535953014,-0.05220998394072732,-0.3639980999331864,-0.7132995434797346,-0.49688049816923935
LRN,0.32917576198655224,0.4538755027346787,-0.16212774129114538,-0.02241846307088885,0.2232474427744298,-0.10569144794564564,-0.38692758048882736,-0.6690914692971554
LSc,-1.2810715189058517,-0.8993321731085331,-0.6898493374056823,-1.040649216537834,,,,
LSr,0.7147272256266414,0.8567515290925,0.12932171929758018,0.5700067025826066,-0.3283139195497503,-0.12887694037371683,-0.09850584575267671,-0.6071886067025262
LSv,-1.2810715189058517,-0.8993321731085331,-0.6898493374056823,-1.040649216537834,,,,
LT,-1.2810715189058517,-0.8993321731085331,-0.6898493374056823,-1.040649216537834,,,,
MA,-1.2810715189058517,-0.8993321731085331,-0.6898493374056823,-1.040649216537834,,,,
MA3,-1.2810715189058517,-0.8993321731085331,-0.6898493374056823,-1.040649216537834,,,,
MARN,-1.2810715189058517,-0.8993321731085331,-0.6898493374056823,-1.040649216537834,,,,
MB,0.8574478629724531,0.8110704970523366,0.9925874759442826,1.3753346621428268,-0.30240527739473344,-0.35476129567843523,-0.7714898934703615,-0.70004290059447
MD,0.6666465276084175,1.2438068359943433,0.6636705514858006,1.0844811885448526,-0.41377456585575373,1.7756343217422772,1.1958888625672541,-0.09893352434662271
MDRNd,0.8324131026144056,-0.1360972203737426,-0.32907451968662893,-0.04093174949756051,1.4224684679433346,-0.7919756393640354,-0.89721218809894,-0.9786057822703018
MDRNv,1.0234883135440855,-0.12583560408205177,1.920462579032175,1.2920248732228041,-1.8559920861638484,1.159874327191644,-0.2981824313392425,-0.42148001891863834
ME,0.8330261069179554,-0.050442246446951354,-0.2202357301394523,0.9905227799884357,-0.025452644482492796,-1.9118180378094172,-1.2521927846972791,-1.3500229578380774
MEA,-1.2810715189058517,-0.8993321731085331,-0.6898493374056823,-1.040649216537834,,,,
MEPO,0.9111414364428045,0.17239572736235703,0.44623763760765073,1.8196535363829485,1.5817208982066628,-1.2742618654882096,-1.0414230554670152,-0.9476543509729871
MEV,-1.2810715189058517,-0.8993321731085331,-0.6898493374056823,-1.040649216537834,,,,
MG,0.5918012300326055,0.020887612304564443,0.0008318644307942647,0.5279310516128981,-0.7347623100113823,0.23773817451223025,0.2826949085489489,-0.15698596965067696
MH,-1.2810715189058517,-0.8993321731085331,-0.6898493374056823,-1.040649216537834,,,,
MM,-1.2810715189058517,-0.8993321731085331,-0.6898493374056823,-1.040649216537834,,,,
MOB,0.541393853736876,-0.6810903499529235,-0.5115841333562677,-0.2075513273376061,0.729593911944982,0.4314379245218363,-0.23162356947705393,0.13564574443302513
MOp,0.712249622040422,1.0678641507154578,0.20103170441346419,0.33082698600576704,-0.5665860339342405,1.579610055007777,0.577448497257583,0.8510804678627569
MOs,0.6716243026362277,1.9638888638752572,0.33406639726168635,0.3579708450493362,-0.4502747341425723,1.0019872068031381,0.3240054087625884,0.8391896836076876
MPN,0.9373836911210561,0.6914443860687989,1.248621104021967,2.091412002064018,0.801769690099876,-0.8654414381319161,-0.9652761498524846,-0.7527692081813528
MPO,0.9408852689952172,0.8642693724664385,1.5482547565262499,2.2131260605779857,0.12760371043867555,-0.6199991614908722,-0.8276925227731309,-0.5615875655740982
MPT,-1.2810715189058517,-0.8993321731085331,-0.6898493374056823,-1.040649216537834,,,,
MRN,0.8745010133203742,1.405024731246122,0.7391019014031177,1.3290514460761473,0.3236770831738823,-0.010761724698277419,-0.8639327571678457,-0.7928971944864139
MS,-1.2810715189058517,-0.8993321731085331,-0.6898493374056823,-1.040649216537834,,,,
MT,-1.2810715189058517,-0.8993321731085331,-0.6898493374056823,-1.040649216537834,,,,
MV,0.43910672765667025,0.3034338713163376,-0.4182071217113362,-0.0964716087775757,-0.07766185049860676,1.2157052819805534,0.4006856182137378,-0.2357714311347505
MY,0.5326864953881999,0.05617878596524359,-0.3078524715855081,-0.1520114680575909,0.8486193734518467,-0.10737806936524465,-0.1555562987774098,-0.5010694136831617
NB,-1.2810715189058517,-0.8993321731085331,-0.6898493374056823,-1.040649216537834,,,,
NDB,0.6581029704833945,0.16462973227310956,0.7320278853694107,0.7088563507826445,-0.8519115227766828,-1.0476967073702528,-0.9970504808922229,-0.9786057822703018
NI,0.9946378335244453,2.1804946233159748,3.656426113703856,5.0687353042638374,0.4709632329528312,-0.18900104145453778,-0.9804107654266757,-1.0714600761622457
NLL,-1.2810715189058517,-0.8993321731085331,-0.6898493374056823,-1.040649216537834,,,,
NLOT,-1.2810715189058517,-0.8993321731085331,-0.6898493374056823,-1.040649216537834,,,,
NOD,0.9561509295870403,-0.467373732911525,-0.1890090022192317,-0.04093174949756051,-0.3762547952243641,-0.8835385324610963,1.9315394410440758,3.6641089123268937
NOT,-1.2810715189058517,-0.8993321731085331,-0.6898493374056823,-1.040649216537834,,,,
NPC,-1.2810715189058517,-0.8993321731085331,-0.6898493374056823,-1.040649216537834,,,,
NR,-1.2810715189058517,-0.8993321731085331,-0.6898493374056823,-1.040649216537834,,,,
NTB,-1.2810715189058517,-0.8993321731085331,-0.6898493374056823,-1.040649216537834,,,,
NTS,-1.2810715189058517,-0.8993321731085331,-0.6898493374056823,-1.040649216537834,,,,
OLF,0.8997994142179923,0.5382403774997498,0.8102462912278273,1.0698654361027433,0.1874131615197218,-0.042119366594104736,0.206555604449021,-0.42148001891863834
OP,-1.2810715189058517,-0.8993321731085331,-0.6898493374056823,-1.040649216537834,,,,
ORBl,0.6340975096747649,1.3844501633048538,0.17762458060158914,0.2989088157641489,-0.17125177639339983,1.0338203330395004,0.2907011574536579,0.9902072134222976
ORBm,0.6779973231249327,1.532117867123117,0.13882983390648762,0.3763987128222534,-0.09745037287481086,1.0292179345177785,0.1161647691544921,0.4988999051531574
ORBvl,0.6790188437406547,1.2063486525744662,0.0882074966805919,0.3162960716109413,0.030389651330351476,0.9072416938142747,0.0801730036511749,1.0321318437945313
OT,0.9386586059747417,-0.5599887364369663,-0.19871050992260123,0.7286920148112215,-0.8269860975567003,-0.8107662270135086,-0.5976973097190912,-0.5806588084476849
OV,-1.2810715189058517,-0.8993321731085331,-0.6898493374056823,-1.040649216537834,,,,
P,0.5756780921396937,0.260934630078903,-0.17021233104395328,0.054279437839608445,-0.07006557878714394,-0.6584721822517883,-0.5311384478569027,-0.5541290101928439
P5,-1.2810715189058517,-0.8993321731085331,-0.6898493374056823,-1.040649216537834,,,,
PA,0.712475276916176,0.02466393249464602,-0.4323551537787501,0.014608109782454679,-0.07472884470124705,-0.30910074937785614,-0.453486442351016,-0.11196570594549207
PAA,0.8265373311161883,0.3288934872392782,0.0868776230953386,0.3478472654625458,-0.9486730002876521,-0.2909099162167016,-0.7308150334434684,-0.42148001891863834
PAG,0.7781297729310177,0.04698703556863401,-0.1465649060169901,-0.04093174949756051,-1.090629964688503,0.524622172569571,-0.3980207241325254,-0.42148001891863834
PAL,0.7940344880707476,0.7175892974076101,0.794632927267717,0.7921661397026674,0.2965296916688456,-0.1452996332661388,-0.2607430715417614,-0.21255785766176452
PAR,0.715884989426381,0.20157254980892722,0.03946259670724886,0.3318357744989378,0.4370188410524725,-0.27701388264992666,-0.14010513441654457,0.15305592453776462
PARN,0.9543586647376869,1.509149417852617,3.104652863074715,1.2087150843027812,-1.536841999353375,0.5437497695205544,-0.2981824313392425,-0.6071886067025262
PAS,-1.2810715189058517,-0.8993321731085331,-0.6898493374056823,-1.040649216537834,,,,
PB,0.7105969864568598,0.4237709248752571,2.236671095738875,0.9032458582626978,-1.452858506154952,0.04312271192375071,-0.18170442308041246,-0.5143343128105823
PBG,-1.2810715189058517,-0.8993321731085331,-0.6898493374056823,-1.040649216537834,,,,
PC5,-1.2810715189058517,-0.8993321731085331,-0.6898493374056823,-1.040649216537834,,,,
PCG,1.0131222274735172,1.8586773641795382,3.630959655982511,4.4577968521836695,-1.4958375587417199,-0.4495053720989893,-0.8472930417022985,-0.7928971944864139
PCN,0.6063741451158459,1.4666524658760736,0.7040855220362684,0.542236772942599,-0.5550631117559107,0.4623259995479167,0.6669210656624922,-0.20481999983743598
PD,0.9768226795211984,0.7661152730898405,1.9020701373445368,2.680521355223184,-0.017888965663833186,-1.0513300835951531,-1.0802490582199586,-1.0095572135676163
PDTg,-1.2810715189058517,-0.8993321731085331,-0.6898493374056823,-1.040649216537834,,,,
PERI,-1.2810715189058517,-0.8993321731085331,-0.6898493374056823,-1.040649216537834,,,,
PF,0.7603342524813617,1.2159271800345663,2.0138395906771063,1.0143255768227282,0.3935544396521687,0.5102179555640723,0.16772960169607773,-0.42148001891863834
PFL,0.7845082383000087,-0.731715403944704,-0.49354539247031504,-0.27697615143762505,0.04305030953816733,-0.3544323466230417,3.7785478577198095,3.1534102959212023
PG,0.37316284402682154,-0.14967964015785545,-0.5045101173225608,-0.4050263825554379,1.3055965661104023,-0.9941505936724572,-0.36104357865353176,-0.5452857441078969
PGRNd,-1.2810715189058517,-0.8993321731085331,-0.6898493374056823,-1.040649216537834,,,,
PGRNl,0.8097445122903323,0.8243205918288412,0.5367850428390993,0.542236772942599,-0.8639218655493736,0.8268977227543597,-0.14842499214931815,-0.42148001891863834
PH,0.9604725516718642,0.6858098621124274,1.0306569443207043,1.568895216499298,0.5481489760459876,-0.7411082409180584,-0.8985367425638592,-0.7356139485033242
PIL,0.6373154437136423,1.0544571254463475,1.4090112197951639,1.1346619385960943,-0.9876533565481327,0.36996560258019695,-0.043040127534186276,-0.2667228624320652
PIR,0.7104341134672411,1.1002660255070265,0.024803132399560283,0.17428520521249835,-0.3790989945673961,-0.042212601085022415,-0.22053042583335572,-0.3286257250266944
PL,0.7101847355445485,2.290429593759017,0.3535069101481516,0.4910870128336144,-0.02702342556817524,0.8661792766698799,0.02552450568793296,0.4419621235451944
PMd,0.9495316167962218,0.3795423867476957,0.6041514416831699,1.2557103498474096,0.800424604828957,-0.9451007919057309,-0.9193984753863361,-0.6881385039416568
PMv,0.927171740169277,0.40549154539998644,0.5386484421845636,1.2906702425086574,0.783948961823784,-1.1948994470149141,-1.0249220042970144,-0.8636985935790211
PN,-1.2810715189058517,-0.8993321731085331,-0.6898493374056823,-1.040649216537834,,,,
PO,0.56051363481735,0.698492776286013,0.4625078744851766,0.6092113091332056,-0.9752628460510394,1.5270381013758285,1.0124398632706182,0.004557329526751516
POL,0.5827673528729799,0.26989568932340396,0.36488645322002095,0.3200773358225382,-0.0012083614306606092,-0.7617351399429052,-0.26490300040814824,-0.3286257250266944
POST,0.7427381760256561,-0.11064637336817587,-0.16971298873569163,0.18029424460939075,0.14352764512582786,-0.6092284767772014,-0.44762591363359056,-0.3338816284545403
PP,0.592543370183465,0.29329503129609524,0.014722659551527906,0.532980129729263,-0.2623537426388348,0.5642525854407318,0.6114553474440019,-0.05006284335086268
PPN,-1.2810715189058517,-0.8993321731085331,-0.6898493374056823,-1.040649216537834,,,,
PPT,-1.2810715189058517,-0.8993321731085331,-0.6898493374056823,-1.040649216537834,,,,
PPY,-1.2810715189058517,-0.8993321731085331,-0.6898493374056823,-1.040649216537834,,,,
PR,0.5188160387455157,0.42768281900344657,-0.09987640019452437,0.014608109782454679,-0.2757802041495713,1.8248731091490284,0.8998770821801524,0.0118400192437667
PRE,0.7839362447901965,-0.14526304037555995,-0.24946316086404605,0.13844698520411017,0.14422742187690052,-0.7005515348652948,-0.5186016759308054,-0.4252959488046087
PRM,0.7401343065460643,-0.7822910740877775,-0.4733844467742503,-0.26309118661762126,-0.12566594119510202,0.16257343805487726,4.543974769134978,2.5498573856235667
PRNc,0.8492499275084096,1.3160560354992072,2.585986007483323,1.1365132672387617,-0.6613106872410558,1.064561900138202,-0.324805976084118,-0.5700468891457485
PRNr,0.8555333822621168,0.7442012653802133,1.9148033662052093,0.7736528532759955,0.19322163281112473,0.5096123044859115,-0.3314618622703368,-0.4833828815132675
PRP,-1.2810715189058517,-0.8993321731085331,-0.6898493374056823,-1.040649216537834,,,,
PS,0.9330773913116666,0.7629799443527311,1.219363280855148,1.4384481385973893,0.8893258243637516,-0.8210429553893063,-0.8609073543559279,-0.5734234089236375
PST,0.7751674952865824,0.21814091830084856,0.24816518866385662,0.7181129939959805,-0.6669397129165221,-0.7742078645711117,-0.9193984753863361,-0.6381400379998409
PSTN,0.9678124320748779,0.8096015546603993,1.2373147449199056,1.862630808444865,0.49139427672717123,-0.4629129656094239,-0.7523249095330782,-0.46677479642690367
PSV,0.5226573270498752,-0.4248834280650574,-0.5589800407821041,-0.5037639101643538,-0.44029424985922716,-1.1592840068117103,-0.2759961440518463,-0.2976742937293797
PT,0.5726672908212138,0.4910771226559597,0.07679715024730623,0.3895021599225572,0.03063914284471098,1.06570468238405,1.299230253353284,-0.05006284335086268
PVH,0.3083750425113868,-0.42276041470804987,-0.4717969273318807,-0.2915102834440187,1.67316030954926,-1.510368850649508,-1.1341245006014156,-1.1078225968472029
PVHd,0.8550480571064222,0.16543889474745802,-0.09215929179411683,0.6534649938001695,0.6352096410748692,-0.9850965161075211,-0.9623418719456828,-0.8065689923600743
PVT,0.6791794493831811,0.2595882946360732,-0.0008401757226273002,0.4589269840225762,0.8171393509692622,0.6007983220399826,0.8887839385364544,-0.11196570594549207
PVa,0.12586286604578167,-0.46674317019478667,-0.5794946872798542,-0.40194083481765924,5.824542401894493,-1.683333159589595,-1.171767493280468,-1.1875279435271755
PVi,0.7979097877640074,0.08449643149687142,0.060501649026802724,0.7604290772569445,1.239452195070102,-1.1336418255815652,-1.0303299118233171,-0.8724865892509374
PVp,0.899112625715727,-0.030113799536755758,-0.2851187159484171,0.4368632043085976,1.0764863777528744,-1.7326391407380626,-1.1934915662493768,-1.179790085702847
PVpo,0.9781123578279759,0.6048681263462743,0.4603856696750645,1.1439185818094304,2.9743338089525193,-1.4814217594862098,-1.0525161991107135,-0.8548000570810432
PYR,0.8795558478620813,-0.7610650913796826,-0.5158285429764918,-0.31863104589763647,0.4893584346549262,-1.072888101683316,1.1328330986978126,2.364148797839679
Pa4,-1.2810715189058517,-0.8993321731085331,-0.6898493374056823,-1.040649216537834,,,,
Pa5,-1.2810715189058517,-0.8993321731085331,-0.6898493374056823,-1.040649216537834,,,,
PeF,0.9408620626087714,0.5201983925614115,1.0526563323949154,1.7730919250316575,0.2172676939500342,-0.49816653978528636,-0.7754397249192541,-0.5115205463290081
PoT,0.534204601270501,0.7681355155597368,0.6598729218256,0.681086421142637,-0.4116716376982164,1.690261416201917,0.8665976512490581,0.32135433221691295
ProS,0.6406273190879472,1.3799637956596402,0.39821510853315134,0.5204466650195262,-0.07432704177671205,1.0164739021047502,0.35897920691811747,1.2674319875794662
RCH,0.9542407334953255,0.23079259337407404,0.7169366511641693,1.5185922356825488,-0.06914774870722493,-0.8513276210546934,-0.8882320241968985,-0.6720392246588044
RE,0.5654203823060924,1.0552274292090986,0.4349192119537196,0.7798239487515529,-1.1358718910506362,1.963737322217848,0.9701336585902405,-0.11196570594549207
RH,0.6919030669336531,0.8502622096597162,0.1870456901326287,0.425603068454567,-0.3651287020807174,0.5578817594391805,0.43396504914483214,-0.16148799602119532
RL,-1.2810715189058517,-0.8993321731085331,-0.6898493374056823,-1.040649216537834,,,,
RM,-1.2810715189058517,-0.8993321731085331,-0.6898493374056823,-1.040649216537834,,,,
RN,0.8852950998687348,1.4631009389506249,0.9739592337221876,0.7921661397026674,3.3115668019900237,-0.3999588142741258,-0.797373895305657,-0.7928971944864139
RO,-1.2810715189058517,-0.8993321731085331,-0.6898493374056823,-1.040649216537834,,,,
RPA,-1.2810715189058517,-0.8993321731085331,-0.6898493374056823,-1.040649216537834,,,,
RPF,-1.2810715189058517,-0.8993321731085331,-0.6898493374056823,-1.040649216537834,,,,
RPO,-1.2810715189058517,-0.8993321731085331,-0.6898493374056823,-1.040649216537834,,,,
RR,-1.2810715189058517,-0.8993321731085331,-0.6898493374056823,-1.040649216537834,,,,
RSPagl,0.7486331470158863,0.3217282944440517,0.14591350235845643,0.5851539369317017,-0.08723555167754278,-0.18463351198931058,-0.20439494416979487,-0.2357714311347505
RSPd,0.7067433949025943,1.1351257967504214,0.661995126635712,0.5607500593692707,-0.8939380892527728,1.5417577704543217,0.2398350353801153,0.7856258016766325
RSPv,0.7038781621099882,1.1947859254508,0.654779630281331,0.8477059989826825,-0.5871646778301383,3.3373403196612212,1.6353525057573364,1.6491707348717106
RT,0.6864594802121998,-0.25622030655355327,0.10740282782597477,0.25085975000341487,-0.3129484536799239,-0.29084377984699394,0.2099497752653764,-0.12490063245780256
SAG,-1.2810715189058517,-0.8993321731085331,-0.6898493374056823,-1.040649216537834,,,,
SBPV,0.4431406096608465,-0.33444563312720593,-0.24408986342714067,0.19258811338432147,2.063610449552321,-1.4805894558667905,-1.1278991525076618,-1.0587981269951625
SCH,0.8233817079224499,-0.4757351557999993,-0.4326381144200984,0.04793202535046387,1.2061838454692526,-1.4290411473553195,-1.1052086314182794,-0.8857514883783578
SCm,-1.2810715189058517,-0.8993321731085331,-0.6898493374056823,-1.040649216537834,,,,
SCs,-1.2810715189058517,-0.8993321731085331,-0.6898493374056823,-1.040649216537834,,,,
SEZ,-1.2810715189058517,-0.8993321731085331,-0.6898493374056823,-1.040649216537834,,,,
SF,-1.2810715189058517,-0.8993321731085331,-0.6898493374056823,-1.040649216537834,,,,
SFO,-1.2810715189058517,-0.8993321731085331,-0.6898493374056823,-1.040649216537834,,,,
SG,-1.2810715189058517,-0.8993321731085331,-0.6898493374056823,-1.040649216537834,,,,
SGN,0.6106772774227975,0.9796385787760151,0.7829608008121005,0.9587857175427129,-1.2666192731154506,0.6063918004770211,0.633641634731398,-0.2357714311347505
SH,-1.2810715189058517,-0.8993321731085331,-0.6898493374056823,-1.040649216537834,,,,
SI,0.946268111892773,1.0320357473666497,2.194226999536633,1.2642549435827966,-0.5154275690570196,-0.3626462181287449,-0.3758344368451292,-0.42148001891863834
SIM,0.8716711955015294,-0.7737796076950023,-0.47868995879953047,-0.25614870420761937,-0.273724199669364,-0.32763901170605914,3.1587184566281783,2.6194981060425246
SLC,-1.2810715189058517,-0.8993321731085331,-0.6898493374056823,-1.040649216537834,,,,
SLD,-1.2810715189058517,-0.8993321731085331,-0.6898493374056823,-1.040649216537834,,,,
SMT,0.6588236447025139,0.691626230005993,0.43969417277647177,1.0420955064627357,-0.9705402390067559,1.8570236041406205,0.9705958729087277,0.04279145054108122
SNc,0.850938732561534,5.710992430821608,10.905877745046718,1.3475647325028193,-1.2266988226693563,0.725440755640297,-0.6309767406501855,-0.6071886067025262
SNr,-1.2810715189058517,-0.8993321731085331,-0.6898493374056823,-1.040649216537834,,,,
SO,0.8963716761321634,-0.049859421211275956,0.07740932471176165,0.25385673437328926,-0.038709046032229404,-1.3407649906923949,-1.0661692989798803,-1.0357468862038057
SOC,-1.2810715189058517,-0.8993321731085331,-0.6898493374056823,-1.040649216537834,,,,
SPA,-1.2810715189058517,-0.8993321731085331,-0.6898493374056823,-1.040649216537834,,,,
SPFm,-1.2810715189058517,-0.8993321731085331,-0.6898493374056823,-1.040649216537834,,,,
SPFp,0.6254963751022599,0.2557169904372228,0.3542754291694606,1.0143255768227282,-0.9443395386495008,1.7257648837410473,1.0995536677667181,0.32135433221691295
SPIV,0.9560582947954361,-0.49430325423104826,0.21420991170206335,0.9032458582626978,0.10488739493925428,-1.1150181545219517,-0.8306533262367514,-0.6071886067025262
SPVC,0.6278751137406516,-0.2515892412456455,-0.2908748331046115,-0.22606461376427786,-0.5403446999374368,-0.8944665146846098,-0.46457958599471405,-0.4833828815132675
SPVI,0.41510007912820507,-0.013292089168810377,-0.01215860137655847,-0.050188392710896444,0.15191305723460283,-0.839272711832361,-0.6587095997594308,-0.5143343128105823
SPVO,0.35721727176169993,-0.488247617149122,-0.5837390969000784,-0.5963303422977124,1.1976027418691328,-1.5208472298461764,-0.8472930417022985,-0.8857514883783578
SSp-bfd,0.7251801474154207,0.3675008586939683,0.09955190182239686,0.23599615996807077,-0.09774905889839146,0.9653668519443696,0.463546765528027,1.0100236785821637
SSp-ll,0.7070649470829369,0.4040551956301717,0.3565224695566381,0.3837848214672616,-0.34740733091677733,0.97320297307417,0.3967703910453738,0.9767964067482817
SSp-m,0.7118284584311737,0.33170423542602157,0.0692090342111497,0.24322567007461016,0.02157704888747697,1.535361672363864,0.593783711639506,1.4140118370849044
SSp-n,0.7253665156439542,0.09704102999137697,-0.027950864197752858,0.16171368301060304,0.15432244128787473,1.3357696295611448,0.7343793716038995,1.571122936492266
SSp-tr,0.881896291724019,-0.04539979416504751,-0.05212679196700259,0.24371002931251734,0.09419547537100847,0.8510716271228836,0.40900547594651143,1.8998773283799595
SSp-ul,0.7360080198946746,0.4406749377669813,0.11700460902712574,0.2966634735770416,-0.18966209004831555,1.47408548218958,0.6780142093061904,1.4829433420808387
SSp-un,0.6871336668164361,0.26665126933526184,0.04366181605305624,0.13073690645885003,0.15894206061966293,1.4367405943045706,0.6850734825339982,1.8070230344880156
SSs,0.7170092487200976,0.785045476786242,0.15238089992088755,0.34287354672105186,-0.21140180768129602,1.4626199871003505,0.619237104925402,1.2471255011694282
STN,0.9765393443257524,0.5396130559621224,1.6967572249309486,1.2152491853945477,1.2215644023564523,-0.5228367001041342,-0.7396242945722875,-0.38324589790430846
STR,1.01163390883348,-0.21723335701542743,-0.080069155300145,1.236485013942789,0.7680383434161018,-0.6963521862998935,-0.42020701141992167,-0.42148001891863834
SUB,0.6839951053892036,0.7789494335066255,0.19139489999038936,0.35682963776585697,0.1979207760991003,0.6707267288365893,0.14846256273597042,0.9156218131253538
SUM,0.9286856241588225,0.27825713207837993,0.6847991819589164,1.256681326408249,0.7339749114639118,-0.674178750591585,-0.680895887046827,-0.42835811476248603
SUT,-1.2810715189058517,-0.8993321731085331,-0.6898493374056823,-1.040649216537834,,,,
SUV,0.8065280962129986,-0.5791598374716329,-0.0956319905743002,0.23676754690251545,0.10914211300908627,-1.0785245767710028,-0.8306533262367514,-0.6071886067025262
SubG,-1.2810715189058517,-0.8993321731085331,-0.6898493374056823,-1.040649216537834,,,,
TEa,0.78700360705779,0.8749207912433333,-0.14929345505856276,0.2050304844567924,0.1286195942817777,-0.7446902588210603,-0.307690840176698,-0.4480098171734795
TH,0.6516094238044287,0.1401275941383787,0.2126379081390173,0.5700067025826066,-0.9401932085949383,-0.22654762313233662,-0.07138927240141461,-0.3251866771047706
TMd,0.837289322361203,-0.2869795885190372,-0.29794884913831843,0.44041369759590454,1.4880671401673575,-1.5400984161918325,-1.0857956300418077,-1.0405086448649312
TMv,0.8842333606662885,0.2539132736544161,0.4077114579779237,1.2322127170750952,0.6720657554543217,-1.0958829956855622,-0.954137530481075,-0.758687717789382
TR,0.7256475160382208,0.8711053039214877,0.28424267043576196,0.7366262804226522,-0.628600984859489,0.1215025726197535,-0.4479398705291669,-0.3286257250266944
TRN,0.5211185610010972,0.023814307995737135,-0.4578216115000951,-0.3494865232754227,0.3054486921845184,-0.5312491114667471,-0.22053042583335572,-0.4833828815132675
TRS,-1.2810715189058517,-0.8993321731085331,-0.6898493374056823,-1.040649216537834,,,,
TT,-1.2810715189058517,-0.8993321731085331,-0.6898493374056823,-1.040649216537834,,,,
TU,0.945343487316501,0.5177012461114574,0.8243039580002226,1.5215769878579521,0.5265358923273085,-0.9531316558933128,-0.937899711531819,-0.7299343513679041
UVU,-1.2810715189058517,-0.8993321731085331,-0.6898493374056823,-1.040649216537834,,,,
V,0.8146670694836561,0.4459570374628947,1.62972052004682,1.4031045917828344,-1.902997598503464,0.03278162405199558,-0.8472930417022985,-0.6071886067025262
V3,0.9377476098172012,-0.8289859482276708,-0.679238313355122,-0.8740296386977884,1.243657950648423,-1.8235609738142051,-1.0968887736855057,-0.7928971944864139
V4,-1.2810715189058517,-0.8993321731085331,-0.6898493374056823,-1.040649216537834,,,,
V4r,-1.2810715189058517,-0.8993321731085331,-0.6898493374056823,-1.040649216537834,,,,
VAL,0.5474956976718007,1.3488923933077315,0.7357917957873453,0.5836296869343084,-0.6066411505634344,1.5774174680458302,1.0392739438160565,-0.12014155572214126
VCO,0.6819720492868537,-0.502662935374535,-0.545539410318061,-0.37417090517765167,-0.18125926957000926,-1.8317275031786318,-1.1634476355476944,-1.1643143700541896
VI,-1.2810715189058517,-0.8993321731085331,-0.6898493374056823,-1.040649216537834,,,,
VII,-1.2810715189058517,-0.8993321731085331,-0.6898493374056823,-1.040649216537834,,,,
VISC,0.761636738454375,0.7160794862419929,0.05886451960185918,0.3478472654625458,-0.4017525001440009,1.2491600102044498,0.5737386590554283,0.7113423665630774
VISa,0.7623613065359554,1.6146527180392434,0.5664959101806685,0.681086421142637,0.28068754448445565,2.4515214977733386,1.6320245626642271,4.406943263462445
VISal,0.8521838304058765,0.41165958554387255,-0.1677869541181109,0.264537476542523,-0.22537117181122382,0.2406492986543572,0.1760494594288513,-0.026849269877876707
VISam,0.8719792313468703,0.049411243471969506,-0.19749782145968,0.18122768762250024,-0.6187030490054545,-0.14527539183277807,-0.0319469838904881,0.04279145054108122
VISl,0.7993961453808074,0.41829390114155046,0.1826800116661125,0.41528852315970716,0.3169581765677797,-0.06277093091797534,-0.25777169378005654,0.08258614792334276
VISli,0.856875172250588,1.2026956538242843,0.0868776230953386,0.3478472654625458,0.22043393785481022,1.7455366970009547,0.6669210656624922,1.7141687405960717
VISp,0.7804379639435107,0.22443745078309796,0.09426289583452867,0.417827488155365,-0.10696633939367903,0.46006076507863763,0.2748893692942013,0.2693559276374245
VISpl,0.9208446890737322,0.09785850409099615,-0.26540837538326656,-0.0964716087775757,-0.008954280283344891,-0.2742519265256161,-0.3647412932014311,0.13564574443302513
VISpm,0.9133764451623145,0.4096585025148328,0.16186219305263203,0.44041369759590454,-0.6892010287787014,1.0739101022437998,0.4727910518977754,0.6927715077846885
VISpor,0.881988877911114,2.182954267493843,0.21527101410711938,0.3756171951025534,0.7063189217344212,-0.6421895007701556,-0.3897008663997518,0.1820728913789971
VISrl,0.6910622059947009,0.25714464075702,-0.18794789981417565,0.11643118512914913,-0.8353693748485637,0.25740634330464457,0.2037823185380966,0.3677814791628849
VL,0.8299708417339994,-0.25733940651779186,-0.32907451968662893,0.014608109782454679,1.3233887071845267,-0.9270129403756993,-0.09850584575267671,-0.05006284335086268
VLPO,0.9035273515701416,0.4331929814669178,0.7889029742804142,0.7921661397026674,0.47861332552194524,-0.7602482107324798,-0.9928905520258361,-0.7928971944864139
VM,0.672045665415659,1.6202044283268229,0.7782696112318528,1.1312515963596024,-0.8219755041760474,1.6742717828081723,0.6423993797132649,-0.2064490225372947
VMH,0.9389998691429666,0.931368199151574,1.1428609718202771,1.972255066673086,0.26213711098561115,-0.8721140534242743,-0.9678016193373986,-0.7542965551270788
VMPO,0.9580363592457833,0.49604095133246145,1.0259108074737313,1.847423466022956,1.0372187356504028,-1.0758502014380016,-1.0236740256370984,-0.8746089731113247
VPL,0.6272648163674001,0.04556712453462792,0.19033510758830247,0.7311714728147936,-1.3026775861351614,0.21817076224497184,0.28093909441703246,-0.21255785766176452
VPLpc,0.5441188901482009,0.4025406111733975,0.23967636942340828,0.4311570543825686,-0.940927626835183,1.6856044074417866,0.849957935783511,-0.05006284335086268
VPM,0.6307044172314008,-0.004214105723686734,0.19296021272393782,0.5933442981758377,-1.3925097612549346,0.1078070508597479,0.17371119875885602,-0.2855364775343544
VPMpc,0.4037926004256096,0.5951697510192826,0.097488647145899,-0.027046784677556716,-0.8274235364089652,1.9017978836736271,1.6237047049314535,-0.1429171372428066
VTA,-1.2810715189058517,-0.8993321731085331,-0.6898493374056823,-1.040649216537834,,,,
VTN,-1.2810715189058517,-0.8993321731085331,-0.6898493374056823,-1.040649216537834,,,,
VeCB,-1.2810715189058517,-0.8993321731085331,-0.6898493374056823,-1.040649216537834,,,,
XII,-1.2810715189058517,-0.8993321731085331,-0.6898493374056823,-1.040649216537834,,,,
Xi,-1.2810715189058517,-0.8993321731085331,-0.6898493374056823,-1.040649216537834,,,,
ZI,0.9165929616170778,0.9314798896726646,1.5131488382085492,1.7842988682509562,0.2213171937219128,-0.23627391030546774,-0.5153122295918934,-0.43468596293882583
chpl,-1.2810715189058517,-0.8993321731085331,-0.6898493374056823,-1.040649216537834,,,,
fiber tracts,0.7544991746950164,0.9493785708348276,0.7362655039342425,0.8295777889136856,-0.12744941977886784,0.2890363782355222,-0.04291406908368958,0.2331427530195663
x,-1.2810715189058517,-0.8993321731085331,-0.6898493374056823,-1.040649216537834,,,,
y,-1.2810715189058517,-0.8993321731085331,-0.6898493374056823,-1.040649216537834,,,,
